{"train/box_loss": 0.1988, "train/cls_loss": 0.22709, "train/dfl_loss": 0.79842, "_timestamp": 1712071465.0393422, "lr/pg0": 0.001004587, "lr/pg1": 0.001004587, "lr/pg2": 0.001004587, "metrics/precision(B)": 0.99426, "metrics/recall(B)": 0.89848, "metrics/mAP50(B)": 0.93672, "metrics/mAP50-95(B)": 0.91539, "val/box_loss": 0.15287, "val/cls_loss": 0.1904, "val/dfl_loss": 0.78806, "labels": {"_type": "image-file", "sha256": "9d64afe860949d0cf2daed84bc4bcce737cb1314ca27ee4d98f87901b32daa69", "size": 131422, "path": "media/images/labels_1_9d64afe860949d0cf2da.jpg", "format": "jpg", "width": 1600, "height": 1600}, "train_batch0": {"_type": "image-file", "sha256": "5527e2cda868d003fa7187b17c4b59931cd82aa2cf5fd11d5d3a54e3ff722034", "size": 158244, "path": "media/images/train_batch0_1_5527e2cda868d003fa71.jpg", "format": "jpg", "width": 1280, "height": 1280}, "train_batch1": {"_type": "image-file", "sha256": "ee01d0ce679cf83778d8b1563a2c4a63a86b3aecf246a1ef9bdf35093bfeeb03", "size": 166477, "path": "media/images/train_batch1_1_ee01d0ce679cf83778d8.jpg", "format": "jpg", "width": 1280, "height": 1280}, "train_batch2": {"_type": "image-file", "sha256": "c29d233bd5066b8d96b59b3f345956604b181136f70c3e8d2a5617a4382ac01d", "size": 161269, "path": "media/images/train_batch2_1_c29d233bd5066b8d96b5.jpg", "format": "jpg", "width": 1280, "height": 1280}, "model/parameters": 3011433, "model/GFLOPs": 8.196, "model/speed_PyTorch(ms)": 44.998, "_runtime": 9511.503659248352, "_step": 4, "_wandb": {"runtime": 9555}}