{"train/box_loss": 0.41254, "train/cls_loss": 0.42807, "train/dfl_loss": 0.93208, "_timestamp": 1712016850.825479, "lr/pg0": 0.0012396759438832773, "lr/pg1": 0.0012396759438832773, "lr/pg2": 0.0012396759438832773, "metrics/precision(B)": 0.976, "metrics/recall(B)": 0.90078, "metrics/mAP50(B)": 0.92391, "metrics/mAP50-95(B)": 0.8848, "val/box_loss": 0.2552, "val/cls_loss": 0.28179, "val/dfl_loss": 0.82406, "labels": {"_type": "image-file", "sha256": "718a91fbc5d5c6b601cd230ccf38eb0690a74fe38d3c4b51276f827a09fa0671", "size": 140083, "path": "media/images/labels_1_718a91fbc5d5c6b601cd.jpg", "format": "jpg", "width": 1600, "height": 1600}, "train_batch0": {"_type": "image-file", "sha256": "f0ff51ef55c0498b43ea9f5a169c1ea26c106720dafad3e2f19ff8a9f8ebec73", "size": 185412, "path": "media/images/train_batch0_1_f0ff51ef55c0498b43ea.jpg", "format": "jpg", "width": 1280, "height": 1280}, "train_batch1": {"_type": "image-file", "sha256": "0219789adef5019b3a02b8716a3c9b7898fdfcb001caba449f120c0e67b29e54", "size": 177944, "path": "media/images/train_batch1_1_0219789adef5019b3a02.jpg", "format": "jpg", "width": 1280, "height": 1280}, "train_batch2": {"_type": "image-file", "sha256": "077d01f24e62b8fc703f8f721de1ac94137330f0850526daba75f662fb51dbe5", "size": 173889, "path": "media/images/train_batch2_1_077d01f24e62b8fc703f.jpg", "format": "jpg", "width": 1280, "height": 1280}, "model/parameters": 25858057, "model/GFLOPs": 79.072, "model/speed_PyTorch(ms)": 194.852, "_runtime": 12076.36865901947, "_step": 3, "_wandb": {"runtime": 14402}}